epoch,reward_total,policy_loss,value_loss,total_loss
1,-133.35000000000127,0.06876794248819351,29.120635986328125,14.609099388122559
